-- --------------------------------------------------------
-- Host:                         127.0.0.1
-- Server Version:               10.4.16-MariaDB - mariadb.org binary distribution
-- Server Betriebssystem:        Win64
-- HeidiSQL Version:             11.1.0.6116
-- --------------------------------------------------------

/*!40101 SET @OLD_CHARACTER_SET_CLIENT=@@CHARACTER_SET_CLIENT */;
/*!40101 SET NAMES utf8 */;
/*!50503 SET NAMES utf8mb4 */;
/*!40014 SET @OLD_FOREIGN_KEY_CHECKS=@@FOREIGN_KEY_CHECKS, FOREIGN_KEY_CHECKS=0 */;
/*!40101 SET @OLD_SQL_MODE=@@SQL_MODE, SQL_MODE='NO_AUTO_VALUE_ON_ZERO' */;
/*!40111 SET @OLD_SQL_NOTES=@@SQL_NOTES, SQL_NOTES=0 */;


-- Exportiere Datenbank Struktur f체r sp
CREATE DATABASE IF NOT EXISTS `sp` /*!40100 DEFAULT CHARACTER SET latin1 */;
USE `sp`;

-- Exportiere Struktur von Tabelle sp.contains
CREATE TABLE IF NOT EXISTS `contains` (
  `exam_id` int(8) NOT NULL,
  `question_id` int(8) NOT NULL,
  `points` float NOT NULL,
  `position` int(8) NOT NULL,
  PRIMARY KEY (`exam_id`,`question_id`),
  KEY `FK_contains_exams` (`exam_id`),
  KEY `FK_contains_questions` (`question_id`),
  CONSTRAINT `FK_contains_exams` FOREIGN KEY (`exam_id`) REFERENCES `exams` (`exam_id`),
  CONSTRAINT `FK_contains_questions` FOREIGN KEY (`question_id`) REFERENCES `questions` (`question_id`)
) ENGINE=InnoDB DEFAULT CHARSET=latin1;

-- Exportiere Daten aus Tabelle sp.contains: ~11 rows (ungef채hr)
/*!40000 ALTER TABLE `contains` DISABLE KEYS */;
REPLACE INTO `contains` (`exam_id`, `question_id`, `points`, `position`) VALUES
	(7, 3, 123, 0),
	(8, 4, 1, 0),
	(8, 5, 5, 2),
	(8, 6, 3, 1),
	(9, 9, 10, 0),
	(11, 4, 1, 0),
	(11, 17, 5, 1),
	(12, 4, 1, 1),
	(12, 17, 5, 0),
	(13, 7, 5, 1),
	(13, 17, 5, 0);
/*!40000 ALTER TABLE `contains` ENABLE KEYS */;

-- Exportiere Struktur von Tabelle sp.courses
CREATE TABLE IF NOT EXISTS `courses` (
  `course_id` int(11) NOT NULL AUTO_INCREMENT,
  `course_name` varchar(50) NOT NULL,
  PRIMARY KEY (`course_id`)
) ENGINE=InnoDB AUTO_INCREMENT=8 DEFAULT CHARSET=latin1;

-- Exportiere Daten aus Tabelle sp.courses: ~7 rows (ungef채hr)
/*!40000 ALTER TABLE `courses` DISABLE KEYS */;
REPLACE INTO `courses` (`course_id`, `course_name`) VALUES
	(1, 'Wirtschaftsinformatik (B.Sc.)'),
	(2, 'Informatik (B.Sc.)'),
	(3, 'Vermessung und Geoinformatik (B.Eng.)'),
	(4, 'Informationslogistik (B.Sc.)'),
	(5, 'Photogrammetry and Geoinformatics (M.Sc.)'),
	(6, 'Software Technology (M.Sc.)'),
	(7, 'Digitale Prozesse und Technologien (M.Sc.)');
/*!40000 ALTER TABLE `courses` ENABLE KEYS */;

-- Exportiere Struktur von Tabelle sp.exams
CREATE TABLE IF NOT EXISTS `exams` (
  `exam_id` int(8) NOT NULL AUTO_INCREMENT,
  `title` varchar(60) NOT NULL,
  `creation_date` date NOT NULL,
  `exam_date` date DEFAULT NULL,
  `status` enum('to_be_corrected','in_correction','in_creation','corrected','created','written') NOT NULL,
  `module_id` int(11) NOT NULL,
  `total_points` int(11) NOT NULL,
  `lsf` blob DEFAULT NULL,
  PRIMARY KEY (`exam_id`)
) ENGINE=InnoDB AUTO_INCREMENT=14 DEFAULT CHARSET=latin1;

-- Exportiere Daten aus Tabelle sp.exams: ~8 rows (ungef채hr)
/*!40000 ALTER TABLE `exams` DISABLE KEYS */;
REPLACE INTO `exams` (`exam_id`, `title`, `creation_date`, `exam_date`, `status`, `module_id`, `total_points`, `lsf`) VALUES
	(1, 'SS 20', '2020-12-20', '2020-12-20', 'in_creation', 0, 120, NULL),
	(6, 'Prog 3 Examen SS20', '2020-12-21', '2020-12-20', 'in_creation', 16, 120, NULL),
	(7, 'Prog 3 SS21', '2021-01-06', '2021-08-23', 'in_creation', 13, 120, NULL),
	(8, 'Prog 1 PVL', '2021-01-08', '2021-01-17', 'in_correction', 17, 60, NULL),
	(9, 'Exam Test', '2021-01-14', '2021-01-14', 'in_correction', 21, 100, _binary 0xD0CF11E0A1B11AE1000000000000000000000000000000003E000300FEFF090006000000000000000000000001000000300000000000000000100000FEFFFFFF00000000FEFFFFFF000000002F000000FFFFFFFFFFFFFFFFFFFFFFFFFFFFFFFFFFFFFFFFFFFFFFFFFFFFFFFFFFFFFFFFFFFFFFFFFFFFFFFFFFFFFFFFFFFFFFFFFFFFFFFFFFFFFFFFFFFFFFFFFFFFFFFFFFFFFFFFFFFFFFFFFFFFFFFFFFFFFFFFFFFFFFFFFFFFFFFFFFFFFFFFFFFFFFFFFFFFFFFFFFFFFFFFFFFFFFFFFFFFFFFFFFFFFFFFFFFFFFFFFFFFFFFFFFFFFFFFFFFFFFFFFFFFFFFFFFFFFFFFFFFFFFFFFFFFFFFFFFFFFFFFFFFFFFFFFFFFFFFFFFFFFFFFFFFFFFFFFFFFFFFFFFFFFFFFFFFFFFFFFFFFFFFFFFFFFFFFFFFFFFFFFFFFFFFFFFFFFFFFFFFFFFFFFFFFFFFFFFFFFFFFFFFFFFFFFFFFFFFFFFFFFFFFFFFFFFFFFFFFFFFFFFFFFFFFFFFFFFFFFFFFFFFFFFFFFFFFFFFFFFFFFFFFFFFFFFFFFFFFFFFFFFFFFFFFFFFFFFFFFFFFFFFFFFFFFFFFFFFFFFFFFFFFFFFFFFFFFFFFFFFFFFFFFFFFFFFFFFFFFFFFFFFFFFFFFFFFFFFFFFFFFFFFFFFFFFFFFFFFFFFFFFFFFFFFFFFFFFFFFFFFFFFFFFFFFFFFFFFFFFFFFFFFFFFFFFFFFFFFFFFFFFFFFFFFFFFFFFFFFFFFFFFFFFFFFFFFFFFFFFFFFFFFFFFFFFFFFFFFFFFFFFFFFFFFFFFFFFFFFFFFFFFFFFFFFFFFFFFFFFFFFFFFFFFFFFFFFFFFFFFFFFFFFFFFFFFFFFFFFFFFFFFFFFFFFFFFFFFFFFFF09081000000605005A4FCD07D100020006080000E1000200B004C10002000000E20000005C0070000800005468696E6B5061646E2053706569736572202020202020202020202020202020202020202020202020202020202020202020202020202020202020202020202020202020202020202020202020202020202020202020202020202020202020202020202020202020202020202042000200B004610102000000C00100003D01020001009C0002001100190002000000120002000000130002000000AF0102000000BC01020000003D001200582A9420F06E8444380000000000010058024000020000008D00020000002200020000000E0002000100B70102000000DA000200000031001A00C8000000FF7F9001000000000000050141007200690061006C0031001A00C8000000FF7F9001000000000000050141007200690061006C0031001A00C8000000FF7F9001000000000000050141007200690061006C0031001A00C8000000FF7F9001000000000000050141007200690061006C0031001A00C8000100FF7FBC02000000000000050141007200690061006C0031002A0068010000360090010000000200000D01430061006C00690062007200690020004C00690067006800740031001E002C0101003600BC020000000200000701430061006C00690062007200690031001E00040101003600BC020000000200000701430061006C00690062007200690031001E00DC0001003600BC020000000200000701430061006C00690062007200690031001E00F0000000110090010000000200000701430061006C00690062007200690031001E00F0000000140090010000000200000701430061006C00690062007200690031001E00F00000003C0090010000000200000701430061006C00690062007200690031001E00F00000003E0090010000000200000701430061006C00690062007200690031001E00F00001003F00BC020000000200000701430061006C00690062007200690031001E00F00001003400BC020000000200000701430061006C00690062007200690031001E00F0000000340090010000000200000701430061006C00690062007200690031001E00F00001000900BC020000000200000701430061006C00690062007200690031001E00F00000000A0090010000000200000701430061006C00690062007200690031001A00C8000000FF7F9001000000000000050141007200690061006C0031001E00F0000200170090010000000200000701430061006C00690062007200690031001E00F00001000800BC020000000200000701430061006C00690062007200690031001E00F0000000090090010000000200000701430061006C00690062007200690031001E00F0000000080090010000000200000701430061006C0069006200720069001E043300050017000123002C002300230030005C0020002200AC2022003B005C002D0023002C002300230030005C0020002200AC2022001E043D0006001C000123002C002300230030005C0020002200AC2022003B005B005200650064005D005C002D0023002C002300230030005C0020002200AC2022001E043F0007001D000123002C002300230030002E00300030005C0020002200AC2022003B005C002D0023002C002300230030002E00300030005C0020002200AC2022001E044900080022000123002C002300230030002E00300030005C0020002200AC2022003B005B005200650064005D005C002D0023002C002300230030002E00300030005C0020002200AC2022001E0471002A003600015F002D002A00200023002C002300230030005C0020002200AC2022005F002D003B005C002D002A00200023002C002300230030005C0020002200AC2022005F002D003B005F002D002A00200022002D0022005C0020002200AC2022005F002D003B005F002D0040005F002D001E042C0029002700005F2D2A20232C2323305F2D3B5C2D2A20232C2323305F2D3B5F2D2A20222D225F2D3B5F2D405F2D1E0481002C003E00015F002D002A00200023002C002300230030002E00300030005C0020002200AC2022005F002D003B005C002D002A00200023002C002300230030002E00300030005C0020002200AC2022005F002D003B005F002D002A00200022002D0022003F003F005C0020002200AC2022005F002D003B005F002D0040005F002D001E0434002B002F00005F2D2A20232C2323302E30305F2D3B5C2D2A20232C2323302E30305F2D3B5F2D2A20222D223F3F5F2D3B5F2D405F2D1E041F00A4001A00005B245D646464645C2C5C20645C2E5C206D6D6D6D5C2079797979E000140000000000F5FF200000FC0000000000000000C020E000140001000000F5FF200000FC0000000000000000C020E000140001000000F5FF200000FC0000000000000000C020E000140001000000F5FF200000FC0000000000000000C020E000140002000000F5FF200000FC0000000000000000C020E000140003000000F5FF200000FC0000000000000000C020E000140000000000F5FF200000FC0000000000000000C020E000140000000000F5FF200000FC0000000000000000C020E000140000000000F5FF200000FC0000000000000000C020E000140000000000F5FF200000FC0000000000000000C020E000140000000000F5FF200000FC0000000000000000C020E000140000000000F5FF200000FC0000000000000000C020E000140000000000F5FF200000FC0000000000000000C020E000140000000000F5FF200000FC0000000000000000C020E000140000000000F5FF200000FC0000000000000000C020E00014000000000001002000007C0000000000000000C020E000140017000000F5FF200000B400000000000000049F20E000140017000000F5FF200000B40000000000000004AF20E000140017000000F5FF200000B400000000000000048920E000140017000000F5FF200000B400000000000000049A20E000140017000000F5FF200000B400000000000000049B20E000140017000000F5FF200000B40000000000000004AA20E000140017000000F5FF200000B40000000000000004AC20E000140017000000F5FF200000B40000000000000004AF20E000140017000000F5FF200000B400000000000000049620E000140017000000F5FF200000B40000000000000004AB20E000140017000000F5FF200000B40000000000000004AC20E000140017000000F5FF200000B40000000000000004AB20E000140017000000F5FF200000B40000000000000004B120E000140017000000F5FF200000B40000000000000004AF20E000140017000000F5FF200000B400000000000000049620E000140017000000F5FF200000B40000000000000004AB20E000140017000000F5FF200000B40000000000000004AC20E000140017000000F5FF200000B40000000000000004B920E000140016000000F5FF200000B40000000000000004BE20E000140016000000F5FF200000B40000000000000004B520E000140016000000F5FF200000B40000000000000004B720E000140016000000F5FF200000B40000000000000004B320E000140016000000F5FF200000B40000000000000004B120E000140016000000F5FF200000B40000000000000004B920E00014000B000000F5FF200000B40000000000000004AD20E00014000F000000F5FF200000941111970B970B00049620E000140011000000F5FF200000946666BF1FBF1F0004B720E000140001002B00F5FF200000FC0000000000000000C020E000140001002900F5FF200000FC0000000000000000C020E000140001002C00F5FF200000FC0000000000000000C020E000140001002A00F5FF200000FC0000000000000000C020E000140014000000F5FF200000F40000000000000000C020E00014000A000000F5FF200000B40000000000000004AA20E000140007000000F5FF200000D400500000001F0000C020E000140008000000F5FF200000D40050000000160000C020E000140009000000F5FF200000D40020000080180000C020E000140009000000F5FF200000F40000000000000000C020E00014000D000000F5FF200000941111970B970B0004AF20E000140010000000F5FF200000D400600000001A0000C020E00014000C000000F5FF200000B40000000000000004AB20E000140013000000F5FF2000009C1111160B160B00049A20E00014000E000000F5FF200000941111BF1FBF1F00049620E000140001000900F5FF200000FC0000000000000000C020E000140006000000F5FF200000F40000000000000000C020E000140015000000F5FF200000D4006100003E1F0000C020E000140012000000F5FF200000F40000000000000000C020E0001400000000000100200000FC0000000000000000C020E0001400050000000100280000FC00104020400400041620E0001400000000000000200000FC0000000000000000C020E0001400000031000000210000FC0000000000000000C020E0001400000031000000200000FC0000000000000000C0207C0814007C0800000000000000000000000043004E163C697D082D007D080000000000000000000000003B00000002000D00140003000000030000005F2D3B5F2D2A20220E000500017D0841007D080000000000000000000000003100000003000D00140003000000030000005F2D3B5F2D2A20220E000500020800140003000000040000002300230030002E007D0841007D080000000000000000000000003200000003000D00140003000000030000005F2D3B5F2D2A20220E00050002080014000300FF3F040000002300230030002E007D0841007D080000000000000000000000003300000003000D00140003000000030000005F2D3B5F2D2A20220E000500020800140003003233040000002300230030002E007D082D007D080000000000000000000000003400000002000D00140003000000030000005F2D3B5F2D2A20220E000500027D0841007D080000000000000000000000003000000003000D00140002000000006100FF5F2D3B5F2D2A20220E000500020400140002000000C6EFCEFF2300230030002E007D0841007D080000000000000000000000002800000003000D001400020000009C0006FF5F2D3B5F2D2A20220E000500020400140002000000FFC7CEFF2300230030002E007D0841007D080000000000000000000000003700000003000D001400020000009C5700FF5F2D3B5F2D2A20220E000500020400140002000000FFEB9CFF2300230030002E007D0891007D080000000000000000000000003500000007000D001400020000003F3F76FF5F2D3B5F2D2A20220E000500020400140002000000FFCC99FF2300230030002E0007001400020000007F7F7FFF22005F002D003B0008001400020000007F7F7FFF22003F003F005C0009001400020000007F7F7FFF3B005F002D0040000A001400020000007F7F7FFF00000000000000007D0891007D080000000000000000000000003900000007000D001400020000003F3F3FFF5F2D3B5F2D2A20220E000500020400140002000000F2F2F2FF2300230030002E0007001400020000003F3F3FFF22005F002D003B0008001400020000003F3F3FFF22003F003F005C0009001400020000003F3F3FFF3B005F002D0040000A001400020000003F3F3FFF00000000000000007D0891007D080000000000000000000000002900000007000D00140002000000FA7D00FF5F2D3B5F2D2A20220E000500020400140002000000F2F2F2FF2300230030002E0007001400020000007F7F7FFF22005F002D003B0008001400020000007F7F7FFF22003F003F005C0009001400020000007F7F7FFF3B005F002D0040000A001400020000007F7F7FFF00000000000000007D0841007D080000000000000000000000003600000003000D00140002000000FA7D00FF5F2D3B5F2D2A20220E000500020800140002000000FF8001FF2300230030002E007D0891007D080000000000000000000000002A00000007000D00140003000000000000005F2D3B5F2D2A20220E000500020400140002000000A5A5A5FF2300230030002E0007001400020000003F3F3FFF22005F002D003B0008001400020000003F3F3FFF22003F003F005C0009001400020000003F3F3FFF3B005F002D0040000A001400020000003F3F3FFF00000000000000007D082D007D080000000000000000000000003D00000002000D00140002000000FF0000FF5F2D3B5F2D2A20220E000500027D0878007D080000000000000000000000003800000005000400140002000000FFFFCCFF5F2D3B5F2D2A20220700140002000000B2B2B2FF00A5A5A5FF2300230800140002000000B2B2B2FF003F3F3FFF22005F0900140002000000B2B2B2FF003F3F3FFF22003F0A00140002000000B2B2B2FF003F3F3FFF3B005F7D082D007D080000000000000000000000002F00000002000D001400020000007F7F7FFF5F2D3B5F2D2A20220E000500027D0855007D080000000000000000000000003C00000004000D00140003000000010000005F2D3B5F2D2A20220E00050002070014000300000004000000230023080014000208001400030000000400000022005F09001400027D0841007D080000000000000000000000002200000003000D00140003000000000000005F2D3B5F2D2A20220E0005000204001400030000000400000023002308001400027D0841007D080000000000000000000000001000000003000D00140003000000010000005F2D3B5F2D2A20220E0005000204001400030065660400000023002308001400027D0841007D080000000000000000000000001600000003000D00140003000000010000005F2D3B5F2D2A20220E00050002040014000300CC4C0400000023002308001400027D0841007D080000000000000000000000001C00000003000D00140003000000010000005F2D3B5F2D2A20220E0005000204001400030032330400000023002308001400027D0841007D080000000000000000000000002300000003000D00140003000000000000005F2D3B5F2D2A20220E0005000204001400030000000500000023002308001400027D0841007D080000000000000000000000001100000003000D00140003000000010000005F2D3B5F2D2A20220E0005000204001400030065660500000023002308001400027D0841007D080000000000000000000000001700000003000D00140003000000010000005F2D3B5F2D2A20220E00050002040014000300CC4C0500000023002308001400027D0841007D080000000000000000000000001D00000003000D00140003000000010000005F2D3B5F2D2A20220E0005000204001400030032330500000023002308001400027D0841007D080000000000000000000000002400000003000D00140003000000000000005F2D3B5F2D2A20220E0005000204001400030000000600000023002308001400027D0841007D080000000000000000000000001200000003000D00140003000000010000005F2D3B5F2D2A20220E0005000204001400030065660600000023002308001400027D0841007D080000000000000000000000001800000003000D00140003000000010000005F2D3B5F2D2A20220E00050002040014000300CC4C0600000023002308001400027D0841007D080000000000000000000000001E00000003000D00140003000000010000005F2D3B5F2D2A20220E0005000204001400030032330600000023002308001400027D0841007D080000000000000000000000002500000003000D00140003000000000000005F2D3B5F2D2A20220E0005000204001400030000000700000023002308001400027D0841007D080000000000000000000000001300000003000D00140003000000010000005F2D3B5F2D2A20220E0005000204001400030065660700000023002308001400027D0841007D080000000000000000000000001900000003000D00140003000000010000005F2D3B5F2D2A20220E00050002040014000300CC4C0700000023002308001400027D0841007D080000000000000000000000001F00000003000D00140003000000010000005F2D3B5F2D2A20220E0005000204001400030032330700000023002308001400027D0841007D080000000000000000000000002600000003000D00140003000000000000005F2D3B5F2D2A20220E0005000204001400030000000800000023002308001400027D0841007D080000000000000000000000001400000003000D00140003000000010000005F2D3B5F2D2A20220E0005000204001400030065660800000023002308001400027D0841007D080000000000000000000000001A00000003000D00140003000000010000005F2D3B5F2D2A20220E00050002040014000300CC4C0800000023002308001400027D0841007D080000000000000000000000002000000003000D00140003000000010000005F2D3B5F2D2A20220E0005000204001400030032330800000023002308001400027D0841007D080000000000000000000000002700000003000D00140003000000000000005F2D3B5F2D2A20220E0005000204001400030000000900000023002308001400027D0841007D080000000000000000000000001500000003000D00140003000000010000005F2D3B5F2D2A20220E0005000204001400030065660900000023002308001400027D0841007D080000000000000000000000001B00000003000D00140003000000010000005F2D3B5F2D2A20220E00050002040014000300CC4C0900000023002308001400027D0841007D080000000000000000000000002100000003000D00140003000000010000005F2D3B5F2D2A20220E0005000204001400030032330900000023002308001400029302120010000D0000323025202D20416363656E743192084D0092080000000000000000000001041EFF0D0032003000250020002D00200041006300630065006E00740031000000030001000C0007046566D9E1F2FF05000C0007010000000000FF25000500029302120011000D0000323025202D20416363656E743292084D00920800000000000000000000010422FF0D0032003000250020002D00200041006300630065006E00740032000000030001000C0007056566FCE4D6FF05000C0007010000000000FF25000500029302120012000D0000323025202D20416363656E743392084D00920800000000000000000000010426FF0D0032003000250020002D00200041006300630065006E00740033000000030001000C0007066566EDEDEDFF05000C0007010000000000FF25000500029302120013000D0000323025202D20416363656E743492084D0092080000000000000000000001042AFF0D0032003000250020002D00200041006300630065006E00740034000000030001000C0007076566FFF2CCFF05000C0007010000000000FF25000500029302120014000D0000323025202D20416363656E743592084D0092080000000000000000000001042EFF0D0032003000250020002D00200041006300630065006E00740035000000030001000C0007086566DDEBF7FF05000C0007010000000000FF25000500029302120015000D0000323025202D20416363656E743692084D00920800000000000000000000010432FF0D0032003000250020002D00200041006300630065006E00740036000000030001000C0007096566E2EFDAFF05000C0007010000000000FF25000500029302120016000D0000343025202D20416363656E743192084D0092080000000000000000000001041FFF0D0034003000250020002D00200041006300630065006E00740031000000030001000C000704CC4CB4C6E7FF05000C0007010000000000FF25000500029302120017000D0000343025202D20416363656E743292084D00920800000000000000000000010423FF0D0034003000250020002D00200041006300630065006E00740032000000030001000C000705CC4CF8CBADFF05000C0007010000000000FF25000500029302120018000D0000343025202D20416363656E743392084D00920800000000000000000000010427FF0D0034003000250020002D00200041006300630065006E00740033000000030001000C000706CC4CDBDBDBFF05000C0007010000000000FF25000500029302120019000D0000343025202D20416363656E743492084D0092080000000000000000000001042BFF0D0034003000250020002D00200041006300630065006E00740034000000030001000C000707CC4CFFE699FF05000C0007010000000000FF2500050002930212001A000D0000343025202D20416363656E743592084D0092080000000000000000000001042FFF0D0034003000250020002D00200041006300630065006E00740035000000030001000C000708CC4CBDD7EEFF05000C0007010000000000FF2500050002930212001B000D0000343025202D20416363656E743692084D00920800000000000000000000010433FF0D0034003000250020002D00200041006300630065006E00740036000000030001000C000709CC4CC6E0B4FF05000C0007010000000000FF2500050002930212001C000D0000363025202D20416363656E743192084D00920800000000000000000000010420FF0D0036003000250020002D00200041006300630065006E00740031000000030001000C00070432338EA9DBFF05000C0007010000000000FF2500050002930212001D000D0000363025202D20416363656E743292084D00920800000000000000000000010424FF0D0036003000250020002D00200041006300630065006E00740032000000030001000C0007053233F4B084FF05000C0007010000000000FF2500050002930212001E000D0000363025202D20416363656E743392084D00920800000000000000000000010428FF0D0036003000250020002D00200041006300630065006E00740033000000030001000C0007063233C9C9C9FF05000C0007010000000000FF2500050002930212001F000D0000363025202D20416363656E743492084D0092080000000000000000000001042CFF0D0036003000250020002D00200041006300630065006E00740034000000030001000C0007073233FFD966FF05000C0007010000000000FF25000500029302120020000D0000363025202D20416363656E743592084D00920800000000000000000000010430FF0D0036003000250020002D00200041006300630065006E00740035000000030001000C00070832339BC2E6FF05000C0007010000000000FF25000500029302120021000D0000363025202D20416363656E743692084D00920800000000000000000000010434FF0D0036003000250020002D00200041006300630065006E00740036000000030001000C0007093233A9D08EFF05000C0007010000000000FF250005000293020C002200070000416363656E74319208410092080000000000000000000001041DFF070041006300630065006E00740031000000030001000C00070400004472C4FF05000C0007000000FFFFFFFF250005000293020C002300070000416363656E743292084100920800000000000000000000010421FF070041006300630065006E00740032000000030001000C0007050000ED7D31FF05000C0007000000FFFFFFFF250005000293020C002400070000416363656E743392084100920800000000000000000000010425FF070041006300630065006E00740033000000030001000C0007060000A5A5A5FF05000C0007000000FFFFFFFF250005000293020C002500070000416363656E743492084100920800000000000000000000010429FF070041006300630065006E00740034000000030001000C0007070000FFC000FF05000C0007000000FFFFFFFF250005000293020C002600070000416363656E74359208410092080000000000000000000001042DFF070041006300630065006E00740035000000030001000C00070800005B9BD5FF05000C0007000000FFFFFFFF250005000293020C002700070000416363656E743692084100920800000000000000000000010431FF070041006300630065006E00740036000000030001000C000709000070AD47FF05000C0007000000FFFFFFFF25000500029302080028000300004261649208390092080000000000000000000001011BFF03004200610064000000030001000C0005FF0000FFC7CEFF05000C0005FF00009C0006FF25000500029302100029000B000043616C63756C6174696F6E92088100920800000000000000000000010216FF0B00430061006C00630075006C006100740069006F006E000000070001000C0005FF0000F2F2F2FF05000C0005FF0000FA7D00FF250005000206000E0005FF00007F7F7FFF010007000E0005FF00007F7F7FFF010008000E0005FF00007F7F7FFF010009000E0005FF00007F7F7FFF010093020F002A000A0000436865636B2043656C6C92087F00920800000000000000000000010217FF0A0043006800650063006B002000430065006C006C000000070001000C0005FF0000A5A5A5FF05000C0007000000FFFFFFFF250005000206000E0005FF00003F3F3FFF060007000E0005FF00003F3F3FFF060008000E0005FF00003F3F3FFF060009000E0005FF00003F3F3FFF0600930204002B8003FF92082000920800000000000000000000010503FF050043006F006D006D00610000000000930204002C8006FF92082800920800000000000000000000010506FF090043006F006D006D00610020005B0030005D0000000000930204002D8004FF92082600920800000000000000000000010504FF0800430075007200720065006E006300790000000000930204002E8007FF92082E00920800000000000000000000010507FF0C00430075007200720065006E006300790020005B0030005D0000000000930215002F001000004578706C616E61746F7279205465787492084700920800000000000000000000010235FF10004500780070006C0061006E00610074006F0072007900200054006500780074000000020005000C0005FF00007F7F7FFF2500050002930209003000040000476F6F6492083B0092080000000000000000000001011AFF040047006F006F0064000000030001000C0005FF0000C6EFCEFF05000C0005FF0000006100FF250005000293020E00310009000048656164696E67203192084700920800000000000000000000010310FF0900480065006100640069006E006700200031000000030005000C000703000044546AFF250005000207000E00070400004472C4FF050093020E00320009000048656164696E67203292084700920800000000000000000000010311FF0900480065006100640069006E006700200032000000030005000C000703000044546AFF250005000207000E000704FF3FA2B8E1FF050093020E00330009000048656164696E67203392084700920800000000000000000000010312FF0900480065006100640069006E006700200033000000030005000C000703000044546AFF250005000207000E00070432338EA9DBFF020093020E00340009000048656164696E67203492083900920800000000000000000000010313FF0900480065006100640069006E006700200034000000020005000C000703000044546AFF250005000293020A003500050000496E70757492087500920800000000000000000000010214FF050049006E007000750074000000070001000C0005FF0000FFCC99FF05000C0005FF00003F3F76FF250005000206000E0005FF00007F7F7FFF010007000E0005FF00007F7F7FFF010008000E0005FF00007F7F7FFF010009000E0005FF00007F7F7FFF01009302100036000B00004C696E6B65642043656C6C92084B00920800000000000000000000010218FF0B004C0069006E006B00650064002000430065006C006C000000030005000C0005FF0000FA7D00FF250005000207000E0005FF0000FF8001FF060093020C0037000700004E65757472616C9208410092080000000000000000000001011CFF07004E00650075007400720061006C000000030001000C0005FF0000FFEB9CFF05000C0005FF00009C5700FF250005000293020400008000FF92082200920800000000000000000000010100FF06004E006F0072006D0061006C00000000009302090038000400004E6F74659208620092080000000000000000000001020AFF04004E006F00740065000000050001000C0005FF0000FFFFCCFF06000E0005FF0000B2B2B2FF010007000E0005FF0000B2B2B2FF010008000E0005FF0000B2B2B2FF010009000E0005FF0000B2B2B2FF010093020B0039000600004F757470757492087700920800000000000000000000010215FF06004F00750074007000750074000000070001000C0005FF0000F2F2F2FF05000C0005FF00003F3F3FFF250005000206000E0005FF00003F3F3FFF010007000E0005FF00003F3F3FFF010008000E0005FF00003F3F3FFF010009000E0005FF00003F3F3FFF0100930204003A8005FF92082600920800000000000000000000010505FF08005000650072002000630065006E0074000000000093020A003B000500005469746C659208310092080000000000000000000001030FFF05005400690074006C0065000000020005000C000703000044546AFF250005000193020A003C00050000546F74616C92084D00920800000000000000000000010319FF050054006F00740061006C000000040005000C0007010000000000FF250005000206000E00070400004472C4FF010007000E00070400004472C4FF0600930211003D000C00005761726E696E67205465787492083F0092080000000000000000000001020BFF0C005700610072006E0069006E006700200054006500780074000000020005000C0005FF0000FF0000FF25000500028E0858008E080000000000000000000090000000110011005400610062006C0065005300740079006C0065004D0065006400690075006D0032005000690076006F0074005300740079006C0065004C00690067006800740031003600600102000000850013000A39000000000B0046697273742053686565749A0818009A0800000000000000000000010000000000000004000000A3081000A30800000000000000000000000000008C00040001003100C1010800C101000035EA0200FC00130124000000190000002100003630343020205769727473636861667473696E662E2050726F6A656B74203220200D0000737461727448495373686565740500006D746B6E7206000061627363686C030000737467030000706E720800007076657273696F6E080000736F72746E616D65090000626577657274756E670700007073746174757306000070646174756D080000707665727375636808000073656D65737465720B0000656E6448495373686565740200003834020000574904000036303430030000313132000000020000414E0100003105000032303230320600003635343332311100004E6163686E616D652C20566F726E616D651600007A75204164656C73746974656C2C20566F726E616D65FF0022000800382B00000C0000009F2B000073000000EC2B0000C00000002A2C0000FE00000063081600630800000000000000000000160000000000000002009608570C9608000000000000000000000D8C0200504B030414000600080000002100E9DE0FBFFF0000001C020000130000005B436F6E74656E745F54797065735D2E786D6CAC91CB4EC3301045F748FC83E52D4A9CB2400825E982C78EC7A27CC0C8992416C9D8B2A755FBF74CD25442A820166C2CD933F79E3BE372BD1F07B5C3989CA74AAFF2422B24EB1B475DA5DF374FD9AD5689811A183C61A50F98F4BABEBC2837878049899A52A57BE670674CB23D8E90721F90A4D2FA3802CB35762680FD800ECD7551DC18EB899138E3C943D7E503B6B01D583DEEE5F99824E290B4BA3F364EAC4A430883B3C092D4ECA8F946C916422ECAB927F52EA42B89A1CD59C254F919B0E85E6535D135A8DE20F20B8C12C3B00C895FCF6720192DE6BF3B9E89ECDBD6596CBCDD8EB28E7C365ECC4EC1FF1460F53FE813D3CC7F5B7F020000FFFF0300504B030414000600080000002100A5D6A7E7C0000000360100000B0000005F72656C732F2E72656C73848FCF6AC3300C87EF85BD83D17D51D2C31825762FA590432FA37D00E1287F68221BDB1BEBDB4FC7060ABB0884A4EFF7A93DFEAE8BF9E194E720169AAA06C3E2433FCB68E1763DBF7F82C985A4A725085B787086A37BDBB55FBC50D1A33CCD311BA548B63095120F88D94FBC52AE4264D1C910D24A45DB3462247FA791715FD71F989E19E0364CD3F51652D73760AE8FA8C9FFB3C330CC9E4FC17FAF2CE545046E37944C69E462A1A82FE353BD90A865AAD41ED0B5B8F9D6FD010000FFFF0300504B0304140006000800000021006B799616830000008A0000001C0000007468656D652F7468656D652F7468656D654D616E616765722E786D6C0CCC4D0AC3201040E17DA17790D93763BB284562B2CBAEBBF600439C1A41C7A0D29FDBD7E5E38337CEDF14D59B4B0D592C9C070D8A65CD2E88B7F07C2CA71BA8DA481CC52C6CE1C715E6E97818C9B48D13DF49C873517D23D59085ADB5DD20D6B52BD521EF2CDD5EB9246A3D8B4757E8D3F729E245EB2B260A0238FD010000FFFF0300504B0304140006000800000021004ED26DD1CF060000B01F0000160000007468656D652F7468656D652F7468656D65312E786D6CEC594B6F1B3710BE17E87F58ECBDB164EB11199103EB1527B16C235252E44849D42E2DEE72415276742B92532F050AA4452F057AEBA1281AA0011AF4D21F6320419BFE880EB9D22E2951F103469116B600434B7D33FC38333B333B7BE7EEB3887A27980BC2E2BA5FBC55F03D1C0FD988C441DD7FDCEF7C76DBF78444F1085116E3BA3FC3C2BFBBF3E92777D0B60C71843D908FC536AAFBA194C9F6C68618C23212B7588263F86DCC7884245CF26063C4D129E88DE8C666A150D98810897D2F4611A83D1C8FC9107B7DA5D2DF59286F53B88CA5500B43CA7B4A35B624347634292A84988926E5DE09A2751FF619B1D33E7E267D8F2221E187BA5FD07FFEC6CE9D0DB43D17A2728DAC21D7D17F73B9B9C068B2A9F7E4C120DBB4542A972ABB997E0DA07215D7AEB62BED4AA64F03D07008274DB9D83AAB9BCDD21C6B80D2AF0EDDAD6A6BAB68E10DFD5B2B9C77CBEA63E13528D55F5AC1773A4DB0A285D7A0145F5EC1971BB546CBD6AF4129BEB282AF16765BA5AAA55F83424AE2C90ABA50AE6C3517A7CD206346F79CF05AB9D4A96ECE95E72888862CBAD4166316CB75B116A163C63B0050408A24893D394BF0180D218A9B88920127DE3E094208BC04C54CC07261B3D0296CC17FF529E96FDAA3681B23435AF10226626549F1F1C4909344D6FD07A0D537206FDFBC397BFEFAECF96F672F5E9C3DFF65BEB75665C9EDA13830E5DEFFF8F5DFDF7FE1FDF5EB0FEF5F7E936EBD8C1726FEDDCF5FBEFBFD8F0FA98713E7A678FBEDAB77AF5FBDFDEEAB3F7F7AE9D0BECBD1C084F749848577804FBD472C82033AF8E301BF9C443F44C4924021E876A86ECBD0021ECC1075E11AD836E1130E59C605BC373DB6B8F6423E95C4B1F3C330B2805DC6688371A7011EAABD0C0BF7A771E0DE9C4F4DDC23844E5C7B37516C39B83D4D20BD1297CA66882D9A4714C5120538C6D253BFB109C68ED33D25C4B26B970C39136C2CBDA7C46B20E234499F0CAC40CA85F648047E99B90882AB2DDB749F780D465DA76EE1131B09B705A20EF27D4C2D33DE4353892297CA3E8AA869F07D244317C9DE8C0F4D5C5B48F0748029F3DA232C844BE690C3790DA73F840CE3767B97CE221BC92599B874EE23C64C648B4D9A218A1217B647E2D0C4DE17130851E41D31E98277997D87A86BF0038AD7BAFB09C196BBCF4F048F21B99A94F20051BF4CB9C397F730B3E2B737A363845D596697475676DDE5C4191D8D696085F63EC6149DA211C6DEE3FB0E060D965836CF493F0821ABEC6157603D4076ACAAEB180B6893545FB39A22F789B042B68703B6864F77B6947866288E105FA7F900BC6EDABC0D55CE994A0FE97062020F08B47F102F4EA31C0AD06104F75AAD4721B26A97BA16EE789D71CB7F17B9C7E0BE3CB6685CE0BE04197C691948ECA6CC076DD347D4DA200F983E8206C3956E41C4727F2EA2EAAA169B3AE5C6F64D9BBB011A23ABDF89487C6EF3B3D4F694FF9DB6C771375C4FC3E3566CA5AC4BB63AEB52CADE5283B30EF71F6C6B5A681A1F61A824AB39EBA6ABB9E96AFCFF7D57B3EE5EBEE965D6751C37BD8C0F3DC64D2F339FAC5C4F2F93B72FD0D9A869473AE5D1339F68EDC8674C28EDC919C5FB424F7D043CD18C3AB0A8E4F4B8136723C02484AFAACCC106162EE048CB789CC9CF890C7B214A603454F4959240CC5507C24B988089915E76EA56783A8DBA6C944E3A8B4535D54C2BAB40325F2F94B3759852C9145DA9E6D3BB4CBD661BE829EB828092BD0C0963339BC496834475B1A88CA467BA603407097DB26B615173B0B8ADD42F5CB5C202A8655E81476E0F1ED4EB7EB904222004C33868CF47CA4FA9AB17DED5CEBC4E4FAF33A61501D0622F2220F7744D715D7B3C75BA34D42EE0698B84116E36096D19DDE089101E84E7D1A9562F42E3B2BEAEE52EB5E82953E8FD20B4721AD5DB1F6271555F83DC726EA0B1992968EC9DD6FDCA561942668892BA3F8689317C8D12881DA19EBA100DE0B5CB50F2F486BF4A6649B8902D24C2D4E03AE9A4D9202212738F92A8EEABE3676EA0B1CE219A5B711312C2474BAE0669E56323074EB79D8CC7633C94A6DB8D1565E9F412327C9A2B9CBF6AF1AB8395249B82BB7BE1E8D41BD0297F8420C4CAD5A232E088087871504CAD3922F0262C4B6479FC2D15A679DA355F45E9184AD7114D4234AF2866324FE13A956774F4556603E36A7E6630A8619279211C04AAC09A46B5AA695635520E6BABEEF942CA7246D2CC6BA6955554D57467316B87451958B2E5D58ABCC16A6162C86966854F53F772CAAD2D72DD529F9055093078663F47D5BD404130A8E59B59D414E3D534AC72F67CD5AE1D8B039E43ED2245C2C8FA9585DA25BB6535C2B91D2C5EA9F283DC72D4C2D278D1576A4BEB57E6E65B6D363886E4D1822E774AA5D0AE84D92E47D010F5744F92A50D2DBAF30F000000FFFF0300504B0304140006000800000021000DD1909FB60000001B010000270000007468656D652F7468656D652F5F72656C732F7468656D654D616E616765722E786D6C2E72656C73848F4D0AC2301484F78277086F6FD3BA109126DD88D0ADD40384E4350D363F2451ECED0DAE2C082E8761BE9969BB979DC9136332DE3168AA1A083AE995719AC16DB8EC8E4052164E89D93B64B060828E6F37ED1567914B284D262452282E3198720E274A939CD08A54F980AE38A38F56E422A3A641C8BBD048F7757DA0F19B017CC524BD62107BD5001996509AFFB3FD381A89672F1F165DFE514173D9850528A2C6CCE0239BAA4C04CA5BBABAC4DF000000FFFF0300504B01022D0014000600080000002100E9DE0FBFFF0000001C0200001300000000000000000000000000000000005B436F6E74656E745F54797065735D2E786D6C504B01022D0014000600080000002100A5D6A7E7C0000000360100000B00000000000000000000000000300100005F72656C732F2E72656C73504B01022D00140006000800000021006B799616830000008A0000001C00000000000000000000000000190200007468656D652F7468656D652F7468656D654D616E616765722E786D6C504B01022D00140006000800000021004ED26DD1CF060000B01F00001600000000000000000000000000D60200007468656D652F7468656D652F7468656D65312E786D6C504B01022D00140006000800000021000DD1909FB60000001B0100002700000000000000000000000000D90900007468656D652F7468656D652F5F72656C732F7468656D654D616E616765722E786D6C2E72656C73504B050600000000050005005D010000D40A000000009B0810009B0800000000000000000000010000008C0810008C0800000000000000000000000000000A00000009081000000610005A4FCD07D1000200060800000B021400000000000000000007000000423A0000083D00000D00020001000C00020064000F000200010011000200000010000800FCA9F1D24D62503F5F00020001002A00020000002B0002000000820002000100800008000000000000000000250204000000040181000200C104140000001500000083000200000084000200000026000800000000000000E83F27000800000000000000E83F28000800000000000000F03F29000800000000000000F03F4D001E0003200100000000000000000000002C0100002C0100000100000001000000A10022000900000000000000000002002C012C01000000000000E03F000000000000E03F01009C0826009C08000000000000000000000000000000000000000000000000000004000000000000000000550002000A007D000C0000000400D5080F00020000007D000C0005000500000E0F00020000007D000C0006000001D5080F000200000000020E00000000000700000000000B00000008021000000000000B0004010000000000010F0008021000020000000B0004010000000000010F0008021000030000000B0030020000000000010F0008021000040000000B0004010000000000010F0008021000050000000B0004010000000000010F0008021000060000000B0004010000000000010F00FD000A00000000003E0000000000FD000A00020000003E0001000000FD000A0002000A003E000D000000FD000A00030000003F0002000000FD000A00030001003F0003000000FD000A00030002003F0004000000FD000A00030003003F0005000000FD000A00030004003F0006000000FD000A00030005003F0007000000FD000A00030006003F0008000000FD000A00030007003F0009000000FD000A00030008003F000A000000FD000A00030009003F000B000000FD000A0003000A003F000C0000007E020A000400000041000024FE40FD000A000400010040000E000000FD000A000400020040000F000000FD000A0004000300400010000000FD000A0004000400400011000000FD000A0004000500400017000000FD000A0004000600400012000000FD000A0004000700400013000000FD000A0004000800400012000000FD000A0004000900400014000000FD000A0004000A00400015000000FD000A0005000000420016000000FD000A000500010040000E000000FD000A000500020040000F000000FD000A0005000300400010000000FD000A0005000400400011000000FD000A0005000500400018000000FD000A0005000600400012000000FD000A0005000700400013000000FD000A0005000800400012000000FD000A0005000900400014000000FD000A0005000A00400015000000FD000A00060000003E000D000000D70010007E02000064000E001C009A009A009A003E021200B60600000000400000003C006400040000008B0810008B0800000000000000000000000002001D000F0003000000000000010000000000000067081700670800000000000000000000020001FFFFFFFF034400000A00000000000000000000000000000000000000000000000000000000000000000000000000000000000000000000000000000000000000000000000000000000000000000000000000000000000000000000000000000000000000000000000000000000000000000000000000000000000000000000000000000000000000000000000000000000000000FEFF00000A0F01000000000000000000000000000000000001000000E0859FF2F94F6810AB9108002B27B3D9300000008C000000050000000100000030000000080000003800000012000000540000000D00000078000000130000008400000002000000102700001E0000001400000053656261737469616E20537065697365720000001E0000001C0000004D6963726F736F6674204D6163696E746F736820457863656C00000040000000802E5367ECD1D60103000000000000000000000000000000000000000000000000000000000000000000000000000000000000000000000000000000000000000000000000000000000000000000000000000000000000000000000000000000000000000000000000000000000000000000000000000000000000000000000000000000000000000000000000000000000000000000000000000000000000000000000000000000000000000000000000000000000000000000000000000000000000000000000000000000000000000000000000000000000000000000000000000000000000000000000000000000000000000000000000000000000000000000000000000000000000000000000000000000000000000000000000000000000000000000000000000000000000000000000000000000000000000000000000000000000000000000000000000000000000000000000000000000000000000000000000000000000000000000000000000000000000000000000000000000000000000000000000000000000000000000000000000000000000000000000000000000000000000000000000000000000000000000000000000000000000000000000000000000000000000000000000000000000000000000000000000000000000000000000000000000000000000000000000000000000000000000000000000000000000000000000000000000000000000000000000000000000000000000000000000000000000000000000000000000000000000000000000000000000000000000000000000000000000000000000000000000000000000000000000000000000000000000000000000000000000000000000000000000000000000000000000000000000000000000000000000000000000000000000000000000000000000000000000000000000000000000000000000000000000000000000000000000000000000000000000000000000000000000000000000000000000000000000000000000000000000000000000000000000000000000000000000000000000000000000000000000000000000000000000000000000000000000000000000000000000000000000000000000000000000000000000000000000000000000000000000000000000000000000000000000000000000000000000000000000000000000000000000000000000000000000000000000000000000000000000000000000000000000000000000000000000000000000000000000000000000000000000000000000000000000000000000000000000000000000000000000000000000000000000000000000000000000000000000000000000000000000000000000000000000000000000000000000000000000000000000000000000000000000000000000000000000000000000000000000000000000000000000000000000000000000000000000000000000000000000000000000000000000000000000000000000000000000000000000000000000000000000000000000000000000000000000000000000000000000000000000000000000000000000000000000000000000000000000000000000000000000000000000000000000000000000000000000000000000000000000000000000000000000000000000000000000000000000000000000000000000000000000000000000000000000000000000000000000000000000000000000000000000000000000000000000000000000000000000000000000000000000000000000000000000000000000000000000000000000000000000000000000000000000000000000000000000000000000000000000000000000000000000000000000000000000000000000000000000000000000000000000000000000000000000000000000000000000000000000000000000000000000000000000000000000000000000000000000000000000000000000000000000000000000000000000000000000000000000000000000000000000000000000000000000000000000000000000000000000000000000000000000000000000000000000000000000000000000000000000000000000000000000000000000000000000000000000000000000000000000000000000000000000000000000000000000000000000000000000000000000000000000000000000000000000000000000000000000000000000000000000000000000000000000000000000000000000000000000000000000000000000000000000000000000000000000000000000000000000000000000000000000000000000000000000000000000000000000000000000000000000000000000000000000000000000000000000000000000000000000000000000000000000000000000000000000000000000000000000000000000000000000000000000000000000000000000000000000000000000000000000000000000000000000000000000000000000000000000000000000000000000000000000000000000000000000000000000000000000000000000000000000000000000000000000000000000000000000000000000000000000000000000000000000000000000000000000000000000000000000000000000000000000000000000000000000000000000000000000000000000000000000000000000000000000000000000000000000000000000000000000000000000000000000000000000000000000000000000000000000000000000000000000000000000000000000000000000000000000000000000000000000000000000000000000000000000000000000000000000000000000000000000000000000000000000000000000000000000000000000000000000000000000000000000000000000000000000000000000000000000000000000000000000000000000000000000000000000000000000000000000000000000000000000000000000000000000000000000000000000000000000000000000000000000000000000000000000000000000000000000000000000000000000000000000000000000000000000000000000000000000000000000000000000000000000000000000000000000000000000000000000000000000000000000000000000000000000000000000000000000000000000000000000000000000000000000000000000000000000000000000000000000000000000000000000000000000000000000000000000000000000000000000000000000000000000000000000000000000000000000000000000000000000000000000000000000000000000000000000000000000000000000000000000000000000000000000000000000000000000000000000000000000000000000000000000000000000000000000000000000000000000000000000000000000000000000000000000000000000000000000000000000000000000000000000000000000000000000000000000000000000000000000000000000000000000000000000000000000000000000000000000000000000000000000000000000000000000000000000000000000000000000000000000000000000000000000000000000000000000000000000000000000000000000000000000000000000000000000000000000000000000000000000000000000000000000000000000000000000000000000000000000000000000000000000000000000000000000000000000000000000000000000000000000000000000000000000000000000000000000000000000000000000000000000000000000000000000000000000000000000000000000000000000000000000000000000000000000000000000000000000000000000000000000000000000000000000000000000000000000000000000000000000000000000000000000000000000000000000000000000000000000000000000000000000000000000000000000000000000000000000000000000000000000000000000000000000000000000000000000000000000000000000000000000000000000000000000000000000000000000000000000000000000000000000000000000000000000000000000000000000000000000000000000000000000000000000000000000000000000000000000000000000000000000000000000000000000000000000000000000000000000000000000000000000000000000000000000000000000000000000000000000000000000000000000000000000000000000000000000000000000000000000000000000000000000000000000000000000000000000000000000000000000000000000000000000000000000000000000000000000000000000000000000000000000000000000000000000000000000000000000000000000000000000000000000000000000000000000000000000000000000000000000000000000000000000000000000000000000000000000000000000000000000000000000000000000000000000000000000000000000000000000000000000000000000000000000000000000000000000000000000000000000000000000000000000000000000000000000000000000000000000000000000000000000000000000000000000000000000000000000000000000000000000000000000000000000000000000000000000000000000000000000000000000000000000000000000000000000000000000000000000000000000000000000000000000000000000000000000000000000000000000000000000000000000000000000000000000000000000000000000000000000000000000000000000000000000000000000000000000000000000000000000000000000000000000000000000000000000000000000000000000000000000000000000000000000000000000000000000000000000000000000000000000000000000000000000000000000000000000000000000000000000000000000000000000000000000000000000000000000000000000000000000000000000000000000000000000000000000000000000000000000000000000000000000000000000000000000000000000000000000000000000000000000000000000000000000000000000000000000000000000000000000000000000000000000000000000000000000000000000000000000000000000000000000000000000000000000000000000000000000000000000000000000000000000000000000000000000000000000000000000000000000000000000000000000000000000000000000000000000000000000000000000000000000000000000000000000000000000000000000000000000000000000000000000000000FEFF00000A0F0100000000000000000000000000000000000100000002D5CDD59C2E1B10939708002B2CF9AE30000000B400000008000000010000004800000017000000500000000B000000580000001000000060000000130000006800000016000000700000000D000000780000000C00000090000000020000001027000003000000000010000B000000000000000B000000000000000B000000000000000B000000000000001E100000010000000C0000004669727374205368656574000C100000020000001E0000000B000000576F726B73686565747300030000000100000000000000000000000000000000000000000000000000000000000000000000000000000000000000000000000000000000000000000000000000000000000000000000000000000000000000000000000000000000000000000000000000000000000000000000000000000000000000000000000000000000000000000000000000000000000000000000000000000000000000000000000000000000000000000000000000000000000000000000000000000000000000000000000000000000000000000000000000000000000000000000000000000000000000000000000000000000000000000000000000000000000000000000000000000000000000000000000000000000000000000000000000000000000000000000000000000000000000000000000000000000000000000000000000000000000000000000000000000000000000000000000000000000000000000000000000000000000000000000000000000000000000000000000000000000000000000000000000000000000000000000000000000000000000000000000000000000000000000000000000000000000000000000000000000000000000000000000000000000000000000000000000000000000000000000000000000000000000000000000000000000000000000000000000000000000000000000000000000000000000000000000000000000000000000000000000000000000000000000000000000000000000000000000000000000000000000000000000000000000000000000000000000000000000000000000000000000000000000000000000000000000000000000000000000000000000000000000000000000000000000000000000000000000000000000000000000000000000000000000000000000000000000000000000000000000000000000000000000000000000000000000000000000000000000000000000000000000000000000000000000000000000000000000000000000000000000000000000000000000000000000000000000000000000000000000000000000000000000000000000000000000000000000000000000000000000000000000000000000000000000000000000000000000000000000000000000000000000000000000000000000000000000000000000000000000000000000000000000000000000000000000000000000000000000000000000000000000000000000000000000000000000000000000000000000000000000000000000000000000000000000000000000000000000000000000000000000000000000000000000000000000000000000000000000000000000000000000000000000000000000000000000000000000000000000000000000000000000000000000000000000000000000000000000000000000000000000000000000000000000000000000000000000000000000000000000000000000000000000000000000000000000000000000000000000000000000000000000000000000000000000000000000000000000000000000000000000000000000000000000000000000000000000000000000000000000000000000000000000000000000000000000000000000000000000000000000000000000000000000000000000000000000000000000000000000000000000000000000000000000000000000000000000000000000000000000000000000000000000000000000000000000000000000000000000000000000000000000000000000000000000000000000000000000000000000000000000000000000000000000000000000000000000000000000000000000000000000000000000000000000000000000000000000000000000000000000000000000000000000000000000000000000000000000000000000000000000000000000000000000000000000000000000000000000000000000000000000000000000000000000000000000000000000000000000000000000000000000000000000000000000000000000000000000000000000000000000000000000000000000000000000000000000000000000000000000000000000000000000000000000000000000000000000000000000000000000000000000000000000000000000000000000000000000000000000000000000000000000000000000000000000000000000000000000000000000000000000000000000000000000000000000000000000000000000000000000000000000000000000000000000000000000000000000000000000000000000000000000000000000000000000000000000000000000000000000000000000000000000000000000000000000000000000000000000000000000000000000000000000000000000000000000000000000000000000000000000000000000000000000000000000000000000000000000000000000000000000000000000000000000000000000000000000000000000000000000000000000000000000000000000000000000000000000000000000000000000000000000000000000000000000000000000000000000000000000000000000000000000000000000000000000000000000000000000000000000000000000000000000000000000000000000000000000000000000000000000000000000000000000000000000000000000000000000000000000000000000000000000000000000000000000000000000000000000000000000000000000000000000000000000000000000000000000000000000000000000000000000000000000000000000000000000000000000000000000000000000000000000000000000000000000000000000000000000000000000000000000000000000000000000000000000000000000000000000000000000000000000000000000000000000000000000000000000000000000000000000000000000000000000000000000000000000000000000000000000000000000000000000000000000000000000000000000000000000000000000000000000000000000000000000000000000000000000000000000000000000000000000000000000000000000000000000000000000000000000000000000000000000000000000000000000000000000000000000000000000000000000000000000000000000000000000000000000000000000000000000000000000000000000000000000000000000000000000000000000000000000000000000000000000000000000000000000000000000000000000000000000000000000000000000000000000000000000000000000000000000000000000000000000000000000000000000000000000000000000000000000000000000000000000000000000000000000000000000000000000000000000000000000000000000000000000000000000000000000000000000000000000000000000000000000000000000000000000000000000000000000000000000000000000000000000000000000000000000000000000000000000000000000000000000000000000000000000000000000000000000000000000000000000000000000000000000000000000000000000000000000000000000000000000000000000000000000000000000000000000000000000000000000000000000000000000000000000000000000000000000000000000000000000000000000000000000000000000000000000000000000000000000000000000000000000000000000000000000000000000000000000000000000000000000000000000000000000000000000000000000000000000000000000000000000000000000000000000000000000000000000000000000000000000000000000000000000000000000000000000000000000000000000000000000000000000000000000000000000000000000000000000000000000000000000000000000000000000000000000000000000000000000000000000000000000000000000000000000000000000000000000000000000000000000000000000000000000000000000000000000000000000000000000000000000000000000000000000000000000000000000000000000000000000000000000000000000000000000000000000000000000000000000000000000000000000000000000000000000000000000000000000000000000000000000000000000000000000000000000000000000000000000000000000000000000000000000000000000000000000000000000000000000000000000000000000000000000000000000000000000000000000000000000000000000000000000000000000000000000000000000000000000000000000000000000000000000000000000000000000000000000000000000000000000000000000000000000000000000000000000000000000000000000000000000000000000000000000000000000000000000000000000000000000000000000000000000000000000000000000000000000000000000000000000000000000000000000000000000000000000000000000000000000000000000000000000000000000000000000000000000000000000000000000000000000000000000000000000000000000000000000000000000000000000000000000000000000000000000000000000000000000000000000000000000000000000000000000000000000000000000000000000000000000000000000000000000000000000000000000000000000000000000000000000000000000000000000000000000000000000000000000000000000000000000000000000000000000000000000000000000000000000000000000000000000000000000000000000000000000000000000000000000000000000000000000000000000000000000000000000000000000000000000000000000000000000000000000000000000000000000000000000000000000000000000000000000000000000000000000000000000000000000000000000000000000000000000000000000000000000000000000000000000000000000000000000000000000000000000000000000000000000000000000000000000000000000000000000000000000000000000000000000000000000000000000000000000000000000000000000000000000000000000000000000000000000000000000000000000000000000000000000000000000000000000000000000000000000000000000000000000000000000000000000000000000000000000000000000000000000000000000000000000100000002000000030000000400000005000000060000000700000008000000090000000A0000000B0000000C0000000D0000000E0000000F000000100000001100000012000000130000001400000015000000160000001700000018000000190000001A0000001B0000001C0000001D0000001E000000FEFFFFFF20000000210000002200000023000000240000002500000026000000FEFFFFFF28000000290000002A0000002B0000002C0000002D0000002E000000FEFFFFFFFDFFFFFFFEFFFFFFFFFFFFFFFFFFFFFFFFFFFFFFFFFFFFFFFFFFFFFFFFFFFFFFFFFFFFFFFFFFFFFFFFFFFFFFFFFFFFFFFFFFFFFFFFFFFFFFFFFFFFFFFFFFFFFFFFFFFFFFFFFFFFFFFFFFFFFFFFFFFFFFFFFFFFFFFFFFFFFFFFFFFFFFFFFFFFFFFFFFFFFFFFFFFFFFFFFFFFFFFFFFFFFFFFFFFFFFFFFFFFFFFFFFFFFFFFFFFFFFFFFFFFFFFFFFFFFFFFFFFFFFFFFFFFFFFFFFFFFFFFFFFFFFFFFFFFFFFFFFFFFFFFFFFFFFFFFFFFFFFFFFFFFFFFFFFFFFFFFFFFFFFFFFFFFFFFFFFFFFFFFFFFFFFFFFFFFFFFFFFFFFFFFFFFFFFFFFFFFFFFFFFFFFFFFFFFFFFFFFFFFFFFFFFFFFFFFFFFFFFFFFFFFFFFFFFFFFFFFFFFFFFFFFFFFFFFFFFFFFFFFFFFFFFFFFFFFFFFFFFFFFFFFFFFFFFFFFFFFFFFFFFFFFFFFFFFFFFFFFFFFFFFFFFFFFFFFFFFFFFFFFFFFFFFFFFFFFFFFFFFFFFFFFFFFFFFFFFFFFFFFFFFFFFFFFFFFFFFFFFFFFFFFFFFFF52006F006F007400200045006E00740072007900000000000000000000000000000000000000000000000000000000000000000000000000000000000000000016000501FFFFFFFFFFFFFFFF020000002008020000000000C000000000000046000000000000000000000000B05606DD13EDD601FEFFFFFF000000000000000057006F0072006B0062006F006F006B0000000000000000000000000000000000000000000000000000000000000000000000000000000000000000000000000012000201FFFFFFFFFFFFFFFFFFFFFFFF00000000000000000000000000000000000000000000000000000000000000000000000000000000783D0000000000000500530075006D006D0061007200790049006E0066006F0072006D006100740069006F006E000000000000000000000000000000000000000000000000000000280002010100000003000000FFFFFFFF0000000000000000000000000000000000000000000000000000000000000000000000001F0000000010000000000000050044006F00630075006D0065006E007400530075006D006D0061007200790049006E0066006F0072006D006100740069006F006E000000000000000000000038000201FFFFFFFFFFFFFFFFFFFFFFFF000000000000000000000000000000000000000000000000000000000000000000000000270000000010000000000000),
	(11, 'Prog 1 PVL', '2021-01-17', '2021-01-24', 'in_correction', 17, 30, NULL),
	(12, 'Prog', '2021-01-17', '2021-01-17', 'corrected', 17, 10, NULL),
	(13, 'test', '2021-01-17', '2021-01-25', 'in_correction', 17, 12, NULL);
/*!40000 ALTER TABLE `exams` ENABLE KEYS */;

-- Exportiere Struktur von Tabelle sp.is_corrected
CREATE TABLE IF NOT EXISTS `is_corrected` (
  `matr_nr` int(4) NOT NULL,
  `exam_id` int(8) NOT NULL,
  `question_id` int(8) NOT NULL,
  `criteria_id` int(8) NOT NULL,
  `comments` varchar(1000) DEFAULT NULL,
  `reached_points` float DEFAULT NULL,
  `status` enum('pending','in_progress','corrected') NOT NULL,
  PRIMARY KEY (`matr_nr`,`exam_id`,`question_id`,`criteria_id`),
  KEY `FK_is_corrected_students` (`matr_nr`),
  KEY `FK_is_corrected_exams` (`exam_id`),
  KEY `FK_is_corrected_questions` (`question_id`),
  KEY `FK_is_corrected_rating_criteria` (`criteria_id`),
  CONSTRAINT `FK_is_corrected_exams` FOREIGN KEY (`exam_id`) REFERENCES `exams` (`exam_id`),
  CONSTRAINT `FK_is_corrected_questions` FOREIGN KEY (`question_id`) REFERENCES `questions` (`question_id`),
  CONSTRAINT `FK_is_corrected_rating_criteria` FOREIGN KEY (`criteria_id`) REFERENCES `rating_criteria` (`criteria_id`),
  CONSTRAINT `FK_is_corrected_students` FOREIGN KEY (`matr_nr`) REFERENCES `students` (`matr_nr`)
) ENGINE=InnoDB DEFAULT CHARSET=latin1;

-- Exportiere Daten aus Tabelle sp.is_corrected: ~39 rows (ungef채hr)
/*!40000 ALTER TABLE `is_corrected` DISABLE KEYS */;
REPLACE INTO `is_corrected` (`matr_nr`, `exam_id`, `question_id`, `criteria_id`, `comments`, `reached_points`, `status`) VALUES
	(123456, 8, 7, 18, '', 1, 'in_progress'),
	(123456, 8, 7, 19, '', 0, 'in_progress'),
	(123456, 8, 7, 20, '', 0, 'in_progress'),
	(123456, 8, 7, 21, '', 4, 'in_progress'),
	(123456, 8, 8, 22, '', 0, 'in_progress'),
	(123456, 8, 8, 23, '', 0, 'in_progress'),
	(123456, 8, 8, 24, '', 0, 'in_progress'),
	(123456, 9, 9, 25, NULL, 10, 'in_progress'),
	(123456, 12, 17, 33, NULL, 0, 'corrected'),
	(123456, 12, 17, 34, NULL, 0, 'corrected'),
	(123456, 13, 7, 18, NULL, NULL, 'pending'),
	(123456, 13, 7, 19, NULL, NULL, 'pending'),
	(123456, 13, 7, 20, NULL, NULL, 'pending'),
	(123456, 13, 7, 21, NULL, NULL, 'pending'),
	(123456, 13, 17, 33, 'test', 2, 'in_progress'),
	(123456, 13, 17, 34, 'test', 0, 'in_progress'),
	(258963, 8, 7, 18, '', 0, 'in_progress'),
	(258963, 8, 7, 19, '', 0, 'in_progress'),
	(258963, 8, 7, 20, '', 0, 'in_progress'),
	(258963, 8, 7, 21, '', 0, 'in_progress'),
	(258963, 8, 8, 22, '', 0, 'in_progress'),
	(258963, 8, 8, 23, '', 0, 'in_progress'),
	(258963, 8, 8, 24, '', 0, 'in_progress'),
	(654321, 8, 7, 18, '', 0, 'in_progress'),
	(654321, 8, 7, 19, '', 0, 'in_progress'),
	(654321, 8, 7, 20, '', 0, 'in_progress'),
	(654321, 8, 7, 21, '', 0, 'in_progress'),
	(654321, 8, 8, 22, '', 0, 'in_progress'),
	(654321, 8, 8, 23, '', 0, 'in_progress'),
	(654321, 8, 8, 24, '', 0, 'in_progress'),
	(654321, 9, 9, 25, NULL, 0, 'in_progress'),
	(654321, 12, 17, 33, NULL, 0, 'corrected'),
	(654321, 12, 17, 34, NULL, 0, 'corrected'),
	(654321, 13, 7, 18, NULL, NULL, 'pending'),
	(654321, 13, 7, 19, NULL, NULL, 'pending'),
	(654321, 13, 7, 20, NULL, NULL, 'pending'),
	(654321, 13, 7, 21, NULL, NULL, 'pending'),
	(654321, 13, 17, 33, NULL, 2, 'in_progress'),
	(654321, 13, 17, 34, NULL, 3, 'in_progress');
/*!40000 ALTER TABLE `is_corrected` ENABLE KEYS */;

-- Exportiere Struktur von Tabelle sp.is_reading
CREATE TABLE IF NOT EXISTS `is_reading` (
  `module_id` int(4) NOT NULL,
  `user_id` int(6) NOT NULL,
  PRIMARY KEY (`module_id`,`user_id`),
  KEY `FK_isReading_modules` (`module_id`),
  KEY `FK_isReading_users` (`user_id`),
  CONSTRAINT `FK_isReading_modules` FOREIGN KEY (`module_id`) REFERENCES `modules` (`module_id`),
  CONSTRAINT `FK_isReading_users` FOREIGN KEY (`user_id`) REFERENCES `users` (`user_ID`)
) ENGINE=InnoDB DEFAULT CHARSET=latin1;

-- Exportiere Daten aus Tabelle sp.is_reading: ~9 rows (ungef채hr)
/*!40000 ALTER TABLE `is_reading` DISABLE KEYS */;
REPLACE INTO `is_reading` (`module_id`, `user_id`) VALUES
	(13, 123456),
	(14, 123456),
	(16, 123456),
	(17, 123456),
	(18, 123456),
	(19, 123456),
	(20, 123456),
	(21, 123456),
	(22, 123456);
/*!40000 ALTER TABLE `is_reading` ENABLE KEYS */;

-- Exportiere Struktur von Tabelle sp.modules
CREATE TABLE IF NOT EXISTS `modules` (
  `module_id` int(8) NOT NULL AUTO_INCREMENT,
  `course_id` int(11) NOT NULL,
  `definition` varchar(50) DEFAULT NULL,
  PRIMARY KEY (`module_id`)
) ENGINE=InnoDB AUTO_INCREMENT=23 DEFAULT CHARSET=latin1;

-- Exportiere Daten aus Tabelle sp.modules: ~9 rows (ungef채hr)
/*!40000 ALTER TABLE `modules` DISABLE KEYS */;
REPLACE INTO `modules` (`module_id`, `course_id`, `definition`) VALUES
	(13, 1, 'Prog 3'),
	(14, 1, 'WI Projekt 2'),
	(16, 1, 'Prog 2'),
	(17, 1, 'Prog 1'),
	(18, 2, 'WI Projekt 1'),
	(19, 1, 'Software Engineering'),
	(20, 1, 'Software Modellierung'),
	(21, 1, 'Module Test'),
	(22, 1, 'Module Test');
/*!40000 ALTER TABLE `modules` ENABLE KEYS */;

-- Exportiere Struktur von Tabelle sp.questions
CREATE TABLE IF NOT EXISTS `questions` (
  `question_id` int(8) NOT NULL AUTO_INCREMENT,
  `name` varchar(60) NOT NULL,
  `question_text` varchar(5000) DEFAULT NULL,
  `default_points` float NOT NULL,
  `short_name` varchar(20) DEFAULT NULL,
  `module_id` int(8) NOT NULL,
  `category` varchar(50) DEFAULT NULL,
  `deleted` tinyint(1) NOT NULL DEFAULT 0,
  PRIMARY KEY (`question_id`)
) ENGINE=InnoDB AUTO_INCREMENT=18 DEFAULT CHARSET=latin1;

-- Exportiere Daten aus Tabelle sp.questions: ~11 rows (ungef채hr)
/*!40000 ALTER TABLE `questions` DISABLE KEYS */;
REPLACE INTO `questions` (`question_id`, `name`, `question_text`, `default_points`, `short_name`, `module_id`, `category`, `deleted`) VALUES
	(3, 'Test', 'text', 123, 'shortname', 13, 'Thema 2', 0),
	(4, 'Sortierverfahren Benennen', '<p>Nennen Sie <strong>ein </strong><em>Sortierverfahren</em></p>', 1, 'Sortierverfahren', 17, 'Sortieren', 0),
	(5, 'Sortieren nach Bubblesort', '<p>Sortieren Sie folgenden Array mithilfe des Bubblesorts:</p><pre class="ql-syntax" spellcheck="false">[9,4,6,7,2]\n</pre>', 5, 'Bubblesort', 17, 'Sortieren', 0),
	(6, 'Welchen Datentyp f체r welchen Wert?', '<p>Nennen Sie f체r folgende Daten einen passenden Datentyp:</p><ul><li>5,5</li><li>Hallo</li><li>y</li><li>42</li></ul>', 3, 'Datentyp zuordnen', 17, 'Datentyp zuordnen', 0),
	(7, 'asdf', 'asdf', 5, 'short', 17, 'Cat', 0),
	(8, 'asdf', 'asdf', 5, 'short', 17, 'Cat', 0),
	(9, 'TestQuestion1', '<p>Lorem Ipsum Lorem Ipsum</p>', 10, 'TesQuest', 21, 'TestCategory', 0),
	(10, 'TestQuestion1', '<p>Lorem Ipsum Lorem Ipsum</p>', 10, 'TesQuest', 21, 'TestCategory', 0),
	(15, 'Change Test', '<p>Change Test</p>', 5, 'Test', 21, 'Change', 0),
	(16, 'Change Test Changed', '<p>Change Test Changed Text</p>', 5, 'Test', 21, 'Change', 0),
	(17, 'Frage', '<h1><strong>Hier k철nnte eine Frage stehen</strong></h1><p>asdf</p>', 5, 'Kurz', 17, 'Cat', 0);
/*!40000 ALTER TABLE `questions` ENABLE KEYS */;

-- Exportiere Struktur von Tabelle sp.rating_criteria
CREATE TABLE IF NOT EXISTS `rating_criteria` (
  `criteria_id` int(8) NOT NULL AUTO_INCREMENT,
  `possible_points` int(11) NOT NULL DEFAULT 0,
  `criteria_text` varchar(1000) NOT NULL,
  `question_id` int(11) NOT NULL,
  PRIMARY KEY (`criteria_id`)
) ENGINE=InnoDB AUTO_INCREMENT=35 DEFAULT CHARSET=latin1;

-- Exportiere Daten aus Tabelle sp.rating_criteria: ~17 rows (ungef채hr)
/*!40000 ALTER TABLE `rating_criteria` DISABLE KEYS */;
REPLACE INTO `rating_criteria` (`criteria_id`, `possible_points`, `criteria_text`, `question_id`) VALUES
	(18, 1, 'Bew1', 7),
	(19, 2, 'Bew2', 7),
	(20, 3, 'Bew3', 7),
	(21, 4, 'Bew4', 7),
	(22, 1, 'bew', 8),
	(23, 3, 'asdf', 8),
	(24, 2, 'asdf', 8),
	(25, 10, 'Criteria Test', 9),
	(26, 10, 'Criteria Test', 10),
	(27, 5, 'Change Test', 11),
	(28, 5, 'Change Test', 12),
	(29, 10, 'Criteria Test', 13),
	(30, 10, 'Criteria Test', 14),
	(31, 5, 'Change Me', 15),
	(32, 5, 'Change Me', 16),
	(33, 2, 'Kriterium 1', 17),
	(34, 3, 'Kriterium 2', 17);
/*!40000 ALTER TABLE `rating_criteria` ENABLE KEYS */;

-- Exportiere Struktur von Tabelle sp.students
CREATE TABLE IF NOT EXISTS `students` (
  `matr_nr` int(6) NOT NULL,
  `course_shortname` varchar(50) DEFAULT NULL,
  PRIMARY KEY (`matr_nr`) USING BTREE
) ENGINE=InnoDB DEFAULT CHARSET=latin1;

-- Exportiere Daten aus Tabelle sp.students: ~3 rows (ungef채hr)
/*!40000 ALTER TABLE `students` DISABLE KEYS */;
REPLACE INTO `students` (`matr_nr`, `course_shortname`) VALUES
	(123456, 'WI'),
	(258963, NULL),
	(654321, 'WI');
/*!40000 ALTER TABLE `students` ENABLE KEYS */;

-- Exportiere Struktur von Tabelle sp.users
CREATE TABLE IF NOT EXISTS `users` (
  `user_id` int(6) NOT NULL,
  `name` varchar(60) NOT NULL,
  `surname` varchar(60) NOT NULL,
  `password` varchar(64) NOT NULL,
  `mail` varchar(64) DEFAULT NULL,
  PRIMARY KEY (`user_id`) USING BTREE
) ENGINE=InnoDB DEFAULT CHARSET=latin1 COMMENT='Tabelle f체r den Benutzer';

-- Exportiere Daten aus Tabelle sp.users: ~3 rows (ungef채hr)
/*!40000 ALTER TABLE `users` DISABLE KEYS */;
REPLACE INTO `users` (`user_id`, `name`, `surname`, `password`, `mail`) VALUES
	(0, 'Felix', 'Dittrich', '*94BDCEBE19083CE2A1F959FD02F964C7AF4CFC29', NULL),
	(123, 'Admin', 'Boi', '*4ACFE3202A5FF5CF467898FC58AAB1D615029441', 'testmail'),
	(123456, 'Max', 'Mustermann', '*94BDCEBE19083CE2A1F959FD02F964C7AF4CFC29', 'testmail');
/*!40000 ALTER TABLE `users` ENABLE KEYS */;

/*!40101 SET SQL_MODE=IFNULL(@OLD_SQL_MODE, '') */;
/*!40014 SET FOREIGN_KEY_CHECKS=IF(@OLD_FOREIGN_KEY_CHECKS IS NULL, 1, @OLD_FOREIGN_KEY_CHECKS) */;
/*!40101 SET CHARACTER_SET_CLIENT=@OLD_CHARACTER_SET_CLIENT */;
/*!40111 SET SQL_NOTES=@OLD_SQL_NOTES */;
